"","2016-10-22 00:59:31","2016-10-22 00:59:31",1
"","2016-10-23 02:59:31","2016-10-23 02:59:31",1
"","2016-10-26 04:59:31","2016-10-26 04:59:31",1
"","2016-10-31 06:59:31","2016-10-31 06:59:31",1
"","2016-11-07 08:59:31","2016-11-07 08:59:31",1
"","2016-11-16 10:59:31","2016-11-16 10:59:31",1
"","2016-11-27 12:59:31","2016-11-27 12:59:31",1
"","2016-12-10 14:59:31","2016-12-10 14:59:31",1
"","2016-12-25 16:59:31","2016-12-25 16:59:31",1
"","2017-01-11 18:59:31","2017-01-11 18:59:31",1
"","2017-01-30 20:59:31","2017-01-30 20:59:31",1
"","2017-02-20 22:59:31","2017-02-20 22:59:31",1
"","2017-03-16 00:59:31","2017-03-16 00:59:31",1
"","2017-04-10 02:59:31","2017-04-10 02:59:31",1
"","2017-05-07 04:59:31","2017-05-07 04:59:31",1
"","2017-06-05 06:59:31","2017-06-05 06:59:31",1
"","2017-07-06 08:59:31","2017-07-06 08:59:31",1
"","2017-08-08 10:59:31","2017-08-08 10:59:31",1
"","2017-09-12 12:59:31","2017-09-12 12:59:31",1
"","2017-10-19 14:59:31","2017-10-19 14:59:31",1
"","2017-11-27 16:59:31","2017-11-27 16:59:31",1
"","2018-01-07 18:59:31","2018-01-07 18:59:31",1
"","2018-02-19 20:59:31","2018-02-19 20:59:31",1
"","2018-04-05 22:59:31","2018-04-05 22:59:31",1
"","2018-05-23 00:59:31","2018-05-23 00:59:31",1
"","2018-07-11 02:59:31","2018-07-11 02:59:31",1
"","2018-08-31 04:59:31","2018-08-31 04:59:31",1
"","2018-10-23 06:59:31","2018-10-23 06:59:31",1
"","2018-12-17 08:59:31","2018-12-17 08:59:31",1
"","2019-02-12 10:59:31","2019-02-12 10:59:31",1
"","2019-04-12 12:59:31","2019-04-12 12:59:31",1
"","2019-06-12 14:59:31","2019-06-12 14:59:31",1
"","2019-08-14 16:59:31","2019-08-14 16:59:31",1
"","2019-10-18 18:59:31","2019-10-18 18:59:31",1
"","2019-12-24 20:59:31","2019-12-24 20:59:31",1
"","2020-03-02 22:59:31","2020-03-02 22:59:31",1
"","2020-05-13 00:59:31","2020-05-13 00:59:31",1
"","2020-07-25 02:59:31","2020-07-25 02:59:31",1
"","2020-10-08 04:59:31","2020-10-08 04:59:31",1
"","2020-12-24 06:59:31","2020-12-24 06:59:31",1
"","2021-03-13 08:59:31","2021-03-13 08:59:31",1
"","2021-06-02 10:59:31","2021-06-02 10:59:31",1
"","2021-08-24 12:59:31","2021-08-24 12:59:31",1
"","2021-11-17 14:59:31","2021-11-17 14:59:31",1
"","2022-02-12 16:59:31","2022-02-12 16:59:31",1
"","2022-05-12 18:59:31","2022-05-12 18:59:31",1
"","2022-08-11 20:59:31","2022-08-11 20:59:31",1
"","2022-11-12 22:59:31","2022-11-12 22:59:31",1
"","2023-02-16 00:59:31","2023-02-16 00:59:31",1
"","2023-05-24 02:59:31","2023-05-24 02:59:31",1
